id,first_name,last_name,email,gender,ip_address
1,Blinny,Dominy,bdominy0@blogspot.com,Female,115.230.222.125
2,Blaine,Crosgrove,bcrosgrove1@admin.ch,Male,184.32.188.6
3,Veronica,Grindlay,vgrindlay2@booking.com,Female,85.73.243.213
4,Kevina,Jordanson,kjordanson3@comcast.net,Female,181.21.157.113
5,Hubie,Housego,hhousego4@webnode.com,Male,159.137.37.235
6,Tore,Murfin,tmurfin5@mashable.com,Male,254.22.66.50
7,Queenie,Meert,qmeert6@histats.com,Female,211.107.219.36
8,Wandie,Mullaney,wmullaney7@unblog.fr,Female,252.92.181.200
9,Tawsha,MacWhan,tmacwhan8@fda.gov,Female,48.164.80.190
10,Joaquin,Bradley,jbradley9@guardian.co.uk,Male,94.47.157.48
11,Sigismund,Jollye,sjollyea@dedecms.com,Male,56.251.105.47
12,Shara,Frankel,sfrankelb@mediafire.com,Female,232.162.237.156
13,Coletta,Stanbrooke,cstanbrookec@163.com,Female,121.72.75.175
14,Maximo,Fray,mfrayd@time.com,Male,1.236.194.40
15,Shalom,Beisley,sbeisleye@t-online.de,Male,9.76.140.50
16,Gabe,Sidgwick,gsidgwickf@china.com.cn,Male,123.243.42.61
17,Gustavus,Bitcheno,gbitchenog@sbwire.com,Male,74.25.118.28
18,Melisande,Dalgetty,mdalgettyh@comcast.net,Female,236.98.82.14
19,Rafael,Sponton,rspontoni@example.com,Male,119.95.189.206
20,Aymer,Reuther,areutherj@artisteer.com,Male,28.97.191.16
21,Hettie,Kenrack,hkenrackk@ycombinator.com,Female,109.118.167.35
22,Annmaria,Leith-Harvey,aleithharveyl@house.gov,Female,156.84.85.164
23,Ashleigh,Whaymand,awhaymandm@mapy.cz,Female,58.1.142.36
24,Erhard,Jerzak,ejerzakn@dailymotion.com,Male,128.49.150.68
25,Karel,Campelli,kcampellio@reference.com,Female,145.230.136.162
26,Haleigh,Benech,hbenechp@aboutads.info,Female,166.47.53.215
27,Marlon,Grouse,mgrouseq@newyorker.com,Male,173.2.133.113
28,Tarra,Bomb,tbombr@nbcnews.com,Female,143.94.115.192
29,Beth,Fasey,bfaseys@dedecms.com,Female,158.206.41.253
30,Malvin,Fores,mforest@reference.com,Male,81.105.39.133
31,Caty,Ginity,cginityu@upenn.edu,Female,0.216.3.60
32,Salomone,Peacop,speacopv@ca.gov,Male,255.237.249.63
33,Durward,Spelman,dspelmanw@nytimes.com,Male,49.13.101.226
34,George,Leggen,gleggenx@printfriendly.com,Female,182.246.101.144
35,Korie,Woolis,kwoolisy@xing.com,Female,172.100.152.79
36,Tyrus,Kennan,tkennanz@aboutads.info,Male,248.223.50.152
37,Pablo,Howarth,phowarth10@huffingtonpost.com,Male,35.26.208.35
38,Micah,Overnell,movernell11@parallels.com,Male,228.76.75.143
39,Reagen,Garstang,rgarstang12@usa.gov,Male,24.109.209.44
40,Cynde,Morphey,cmorphey13@altervista.org,Female,131.132.6.182
41,Allyce,Hawket,ahawket14@cnet.com,Female,203.234.109.156
42,Vivie,Rough,vrough15@apache.org,Female,79.22.152.56
43,Joella,Kubes,jkubes16@cnn.com,Female,157.71.156.152
44,Ludovika,Houseman,lhouseman17@instagram.com,Female,113.87.30.117
45,Sibelle,Skitch,sskitch18@163.com,Female,89.77.80.105
46,Johannes,Aizikovich,jaizikovich19@typepad.com,Male,148.164.145.91
47,Abbey,Attock,aattock1a@ebay.com,Female,127.210.110.146
48,Lothario,MacAne,lmacane1b@businessinsider.com,Male,18.166.229.229
49,Ivory,Pickover,ipickover1c@bloomberg.com,Female,220.222.228.226
50,Egor,Caughtry,ecaughtry1d@umn.edu,Male,158.9.254.197
51,Archaimbaud,Sixsmith,asixsmith1e@noaa.gov,Male,22.192.170.99
52,Delaney,Beadle,dbeadle1f@twitter.com,Male,3.255.21.148
53,Delly,Brickdale,dbrickdale1g@usgs.gov,Female,168.185.165.89
54,Bunnie,Riccione,briccione1h@booking.com,Female,147.187.237.186
55,Wallie,Tuminini,wtuminini1i@google.de,Female,56.246.148.229
56,Shirley,Bronger,sbronger1j@yahoo.com,Female,194.31.35.211
57,Wyatan,Kenen,wkenen1k@qq.com,Male,28.80.44.244
58,Shandeigh,Futcher,sfutcher1l@google.fr,Female,216.84.77.161
59,Garek,Queyos,gqueyos1m@about.me,Male,22.247.148.71
60,Gannie,Ruppertz,gruppertz1n@storify.com,Male,147.174.236.9
61,Boris,Folke,bfolke1o@cornell.edu,Male,111.196.148.67
62,Scott,Brekonridge,sbrekonridge1p@weibo.com,Male,112.71.107.43
63,Lester,Skotcher,lskotcher1q@oaic.gov.au,Male,100.90.213.33
64,Brook,Tootell,btootell1r@soundcloud.com,Male,112.225.150.75
65,Jessamine,MacAloren,jmacaloren1s@goo.gl,Female,38.120.25.228
66,Cinnamon,Basilotta,cbasilotta1t@ocn.ne.jp,Female,43.132.119.90
67,Willard,Peeke,wpeeke1u@ebay.com,Male,214.251.171.30
68,Nolan,Warmisham,nwarmisham1v@paypal.com,Male,97.239.139.213
69,Esma,Aloshechkin,ealoshechkin1w@howstuffworks.com,Female,183.124.13.121
70,Rock,Barthropp,rbarthropp1x@toplist.cz,Male,175.78.157.94
71,Valdemar,Heathfield,vheathfield1y@exblog.jp,Male,35.73.115.38
72,Gianina,Coombes,gcoombes1z@naver.com,Female,31.252.115.106
73,Ainslee,Scholfield,ascholfield20@skype.com,Female,101.161.192.230
74,Gram,Blackaller,gblackaller21@nsw.gov.au,Male,141.111.243.41
75,Gayelord,Rainard,grainard22@parallels.com,Male,213.31.7.229
76,Leshia,MacCosty,lmaccosty23@omniture.com,Female,95.197.72.124
77,Remus,Reignolds,rreignolds24@comsenz.com,Male,203.22.233.234
78,Alphard,Kinnon,akinnon25@samsung.com,Male,90.228.197.79
79,Ulrick,Trusslove,utrusslove26@bloomberg.com,Male,183.209.70.114
80,Adelbert,Starmont,astarmont27@howstuffworks.com,Male,197.138.139.147
81,Corena,Crinion,ccrinion28@smugmug.com,Female,242.10.139.165
82,Meriel,Kingcott,mkingcott29@sfgate.com,Female,172.9.51.186
83,Vivie,Rosterne,vrosterne2a@baidu.com,Female,124.13.137.19
84,Baird,Trevna,btrevna2b@amazon.co.uk,Male,177.238.226.91
85,Verena,Gareisr,vgareisr2c@cocolog-nifty.com,Female,253.222.42.125
86,Allissa,Dowyer,adowyer2d@biglobe.ne.jp,Female,138.82.126.137
87,Lowrance,Lis,llis2e@artisteer.com,Male,91.44.207.16
88,Zilvia,Bockett,zbockett2f@stanford.edu,Female,219.5.249.235
89,Berti,Skully,bskully2g@e-recht24.de,Male,205.116.115.61
90,Levon,Dober,ldober2h@chron.com,Male,249.167.251.247
91,Natka,Ginnelly,nginnelly2i@amazon.co.uk,Female,219.44.52.59
92,Willdon,Silman,wsilman2j@baidu.com,Male,246.118.116.154
93,Manda,Heffron,mheffron2k@uiuc.edu,Female,87.150.68.242
94,Clark,Braiden,cbraiden2l@state.tx.us,Male,129.184.150.196
95,Georges,Chattey,gchattey2m@yale.edu,Male,40.5.137.38
96,Gabriellia,Whiteson,gwhiteson2n@wikia.com,Female,68.10.128.251
97,Melodie,Cadany,mcadany2o@dot.gov,Female,188.57.167.240
98,Cherry,Oda,coda2p@youku.com,Female,13.98.249.179
99,Nerta,Vales,nvales2q@a8.net,Female,109.178.2.106
100,Clementina,Bantham,cbantham2r@w3.org,Female,98.89.111.131
101,Crissie,Glyde,cglyde2s@vimeo.com,Female,178.188.129.62
102,Carson,Choppen,cchoppen2t@cbslocal.com,Male,159.204.168.50
103,Janie,Klaes,jklaes2u@opensource.org,Female,73.206.177.193
104,Althea,Karolowski,akarolowski2v@weather.com,Female,149.197.92.240
105,Lincoln,Rowes,lrowes2w@cpanel.net,Male,16.60.58.241
106,Danny,Easterby,deasterby2x@tuttocitta.it,Male,13.253.167.169
107,Gabriell,Diggle,gdiggle2y@parallels.com,Female,115.236.54.94
108,Cliff,Devinn,cdevinn2z@nbcnews.com,Male,79.253.26.219
109,Aurlie,Chesterfield,achesterfield30@epa.gov,Female,174.155.186.125
110,Peggi,Pilgram,ppilgram31@soup.io,Female,197.226.230.68
111,Laurene,Whorton,lwhorton32@oracle.com,Female,68.81.237.213
112,Brigit,Burgh,bburgh33@accuweather.com,Female,25.11.113.164
113,Lettie,Iskowitz,liskowitz34@msu.edu,Female,75.91.174.56
114,Stella,O' Loughran,soloughran35@census.gov,Female,66.92.141.195
115,Roseline,Glasner,rglasner36@symantec.com,Female,79.32.152.60
116,Karleen,Kirman,kkirman37@wired.com,Female,115.186.29.48
117,Aurore,Portlock,aportlock38@forbes.com,Female,240.21.176.131
118,Sacha,Longhirst,slonghirst39@ucoz.com,Female,22.108.28.228
119,Rena,Kuhnwald,rkuhnwald3a@java.com,Female,224.9.144.154
120,Inness,Flarity,iflarity3b@who.int,Male,194.20.35.103
121,Giorgia,Gerren,ggerren3c@theatlantic.com,Female,28.254.35.237
122,Audrie,Guare,aguare3d@amazon.com,Female,22.22.103.95
123,Scott,Pow,spow3e@pbs.org,Male,107.33.76.70
124,Feliks,Roast,froast3f@google.ca,Male,65.140.168.83
125,Abran,Stoade,astoade3g@jiathis.com,Male,71.195.60.150
126,Dylan,Farnall,dfarnall3h@deliciousdays.com,Male,141.226.42.103
127,Retha,Dorcey,rdorcey3i@usgs.gov,Female,74.189.225.44
128,Osmund,Cupitt,ocupitt3j@stanford.edu,Male,96.119.27.100
129,Valencia,Chilles,vchilles3k@forbes.com,Female,6.240.168.201
130,Ber,MacShirie,bmacshirie3l@statcounter.com,Male,123.183.123.248
131,Aveline,Rumbellow,arumbellow3m@ox.ac.uk,Female,160.112.121.131
132,Michelle,Wheelband,mwheelband3n@loc.gov,Female,184.145.221.240
133,Annissa,Korneichik,akorneichik3o@stanford.edu,Female,200.10.4.212
134,Dorry,Huggens,dhuggens3p@simplemachines.org,Female,29.112.198.143
135,Freddy,Dehmel,fdehmel3q@psu.edu,Female,131.15.202.177
136,Lin,Raoux,lraoux3r@smh.com.au,Male,60.74.145.223
137,Federica,Klosa,fklosa3s@cmu.edu,Female,43.254.247.94
138,Rayshell,Showalter,rshowalter3t@oakley.com,Female,191.5.139.73
139,Arte,Wahlberg,awahlberg3u@deliciousdays.com,Male,159.242.175.52
140,Gerti,McIntee,gmcintee3v@behance.net,Female,210.127.35.197
141,Guntar,Peotz,gpeotz3w@uol.com.br,Male,225.189.61.203
142,Lorne,Sprankling,lsprankling3x@squidoo.com,Female,117.20.186.150
143,Clerkclaude,Ryce,cryce3y@ft.com,Male,85.200.40.183
144,Melina,Ruppel,mruppel3z@nationalgeographic.com,Female,246.112.171.140
145,Benedick,Nugent,bnugent40@clickbank.net,Male,224.133.228.64
146,Aloise,Girardez,agirardez41@shutterfly.com,Female,62.57.42.50
147,Kimmy,Edmonston,kedmonston42@ted.com,Female,216.33.60.179
148,Agretha,Darby,adarby43@ocn.ne.jp,Female,31.230.74.192
149,Hewett,Fancutt,hfancutt44@cafepress.com,Male,163.108.70.247
150,Sybilla,Dauber,sdauber45@miitbeian.gov.cn,Female,116.240.52.89
151,Vivien,Scone,vscone46@seesaa.net,Female,251.114.122.183
152,Vincenz,Berlin,vberlin47@homestead.com,Male,209.94.164.134
153,Violante,Cabrara,vcabrara48@technorati.com,Female,168.162.219.13
154,Marijo,Paxman,mpaxman49@ucsd.edu,Female,174.1.1.59
155,Reece,Dami,rdami4a@intel.com,Male,139.51.150.209
156,Ogden,Dwyer,odwyer4b@jugem.jp,Male,85.17.252.124
157,Letitia,Dannohl,ldannohl4c@desdev.cn,Female,147.40.103.251
158,Abie,Branche,abranche4d@vistaprint.com,Male,160.244.243.31
159,Burgess,Streat,bstreat4e@nasa.gov,Male,110.145.102.250
160,Alphard,Crummie,acrummie4f@de.vu,Male,199.175.157.104
161,Tildy,Jude,tjude4g@xrea.com,Female,245.216.103.0
162,Sandy,Mattusevich,smattusevich4h@nbcnews.com,Male,131.235.133.246
163,Gerald,Faltin,gfaltin4i@independent.co.uk,Male,209.125.162.139
164,Taylor,Leftley,tleftley4j@dyndns.org,Male,56.19.10.167
165,Laurice,Mattersey,lmattersey4k@boston.com,Female,188.188.152.76
166,Theda,Deguara,tdeguara4l@google.com,Female,238.97.28.38
167,Joya,Glasscoo,jglasscoo4m@sitemeter.com,Female,223.75.121.12
168,Vin,Molines,vmolines4n@godaddy.com,Male,100.71.93.82
169,Hewitt,Gandar,hgandar4o@wikimedia.org,Male,37.201.134.144
170,Kennie,Sor,ksor4p@newyorker.com,Male,4.153.151.8
171,Cleve,Georges,cgeorges4q@slate.com,Male,15.63.90.58
172,Steven,Kensington,skensington4r@spotify.com,Male,111.50.206.139
173,Cinderella,Lindenman,clindenman4s@microsoft.com,Female,58.2.80.0
174,Mortimer,Pietzker,mpietzker4t@multiply.com,Male,73.30.41.169
175,Bella,Geratasch,bgeratasch4u@rakuten.co.jp,Female,94.70.43.119
176,Solomon,Bleythin,sbleythin4v@about.me,Male,90.180.61.106
177,Zorana,Olsen,zolsen4w@mapy.cz,Female,55.128.240.235
178,Job,Stirton,jstirton4x@de.vu,Male,230.111.42.16
179,Adria,Rendall,arendall4y@bloglines.com,Female,34.163.88.24
180,Oralia,Weatherhead,oweatherhead4z@liveinternet.ru,Female,188.82.111.50
181,Mariellen,Killimister,mkillimister50@prweb.com,Female,146.201.254.3
182,Elli,Caldow,ecaldow51@wunderground.com,Female,195.137.209.21
183,Cherice,Keech,ckeech52@wordpress.org,Female,11.46.36.239
184,Claresta,Barcke,cbarcke53@fema.gov,Female,73.255.63.157
185,Brigida,Llopis,bllopis54@flickr.com,Female,216.94.168.21
186,Beulah,Bachs,bbachs55@webeden.co.uk,Female,78.50.163.57
187,Sheffy,Eriksson,seriksson56@sciencedaily.com,Male,22.234.137.198
188,Eilis,Menhci,emenhci57@google.pl,Female,132.61.225.198
189,Fulvia,Torrans,ftorrans58@webnode.com,Female,226.160.155.144
190,Ernest,Nern,enern59@washington.edu,Male,120.174.17.201
191,Ferguson,Keigher,fkeigher5a@columbia.edu,Male,33.162.169.18
192,Felice,Scoggan,fscoggan5b@seesaa.net,Male,182.73.109.163
193,Burnard,Jozefowicz,bjozefowicz5c@ameblo.jp,Male,248.44.144.160
194,Alphonse,Ishchenko,aishchenko5d@blog.com,Male,47.84.197.148
195,Mavis,Bools,mbools5e@yellowpages.com,Female,53.163.79.52
196,Esme,Dei,edei5f@wordpress.org,Female,184.94.42.103
197,Ignacio,Silverson,isilverson5g@vimeo.com,Male,228.79.57.7
198,Kinnie,Swancott,kswancott5h@delicious.com,Male,70.100.232.214
199,Silvanus,Keble,skeble5i@bloomberg.com,Male,182.16.204.106
200,Sherwood,Woolaston,swoolaston5j@youku.com,Male,182.23.173.142
201,Jobey,Dalyell,jdalyell5k@unc.edu,Female,1.178.78.163
202,Filip,Dredge,fdredge5l@state.gov,Male,146.228.151.43
203,Diana,Dumbreck,ddumbreck5m@barnesandnoble.com,Female,140.153.14.24
204,Ado,Gruszka,agruszka5n@china.com.cn,Male,174.84.159.30
205,Clark,Silly,csilly5o@bloglines.com,Male,220.68.102.254
206,Katleen,Carle,kcarle5p@youtu.be,Female,190.179.205.197
207,Mabel,Jakuszewski,mjakuszewski5q@un.org,Female,138.87.48.75
208,Ali,Lishman,alishman5r@facebook.com,Male,32.255.126.217
209,Roz,McGlynn,rmcglynn5s@fema.gov,Female,203.66.8.198
210,Sandye,Demke,sdemke5t@privacy.gov.au,Female,225.33.216.97
211,Foster,Kivell,fkivell5u@alibaba.com,Male,211.162.159.75
212,Viviana,Broad,vbroad5v@redcross.org,Female,169.144.23.138
213,Rossie,Savege,rsavege5w@smh.com.au,Male,229.61.132.95
214,Anthia,Fenimore,afenimore5x@sourceforge.net,Female,235.113.94.119
215,Terra,Possa,tpossa5y@tuttocitta.it,Female,246.69.79.231
216,Felipe,Parkhouse,fparkhouse5z@usgs.gov,Male,230.64.19.74
217,Gayleen,Benny,gbenny60@theglobeandmail.com,Female,46.174.64.3
218,Odessa,Kleynen,okleynen61@tinyurl.com,Female,236.84.130.66
219,Bambie,McGaffey,bmcgaffey62@qq.com,Female,143.173.122.7
220,Corinna,Lokier,clokier63@cnn.com,Female,251.185.41.232
221,Donnie,Douch,ddouch64@seesaa.net,Female,185.17.42.4
222,Ogdon,Kasper,okasper65@cafepress.com,Male,17.66.190.30
223,Somerset,Parham,sparham66@bandcamp.com,Male,21.201.110.128
224,Jennette,Duly,jduly67@mozilla.org,Female,55.104.56.195
225,Angelia,Clifforth,aclifforth68@foxnews.com,Female,216.215.169.157
226,Nessa,Pulsford,npulsford69@desdev.cn,Female,139.21.238.60
227,Putnam,Surman-Wells,psurmanwells6a@geocities.jp,Male,18.219.185.250
228,Vale,Dalmon,vdalmon6b@skyrock.com,Female,220.82.173.19
229,Lonee,Mitkcov,lmitkcov6c@ucsd.edu,Female,52.147.103.93
230,Benyamin,Alliban,balliban6d@disqus.com,Male,38.254.134.250
231,Diego,Gatenby,dgatenby6e@prnewswire.com,Male,198.223.172.38
232,Ynez,Walley,ywalley6f@goo.ne.jp,Female,187.232.182.44
233,Angelico,de Guise,adeguise6g@ning.com,Male,43.255.39.100
234,Druci,Geal,dgeal6h@reddit.com,Female,50.160.85.138
235,Tucker,Kenson,tkenson6i@wisc.edu,Male,116.134.229.226
236,Haven,Akam,hakam6j@comcast.net,Male,15.197.79.194
237,Lesli,Grills,lgrills6k@friendfeed.com,Female,126.21.6.69
238,Karalee,Beasant,kbeasant6l@miitbeian.gov.cn,Female,182.8.223.132
239,Suzanna,Geddes,sgeddes6m@nytimes.com,Female,61.141.227.81
240,Bee,Rasor,brasor6n@gmpg.org,Female,190.162.233.93
241,Trenna,Dosedale,tdosedale6o@cbc.ca,Female,11.55.220.237
242,Isak,Spry,ispry6p@digg.com,Male,175.134.44.72
243,Rogerio,Searight,rsearight6q@example.com,Male,123.251.20.204
244,Brynn,Halle,bhalle6r@ustream.tv,Female,105.246.90.156
245,Page,Geelan,pgeelan6s@smugmug.com,Male,218.31.40.217
246,Kippie,Mardall,kmardall6t@whitehouse.gov,Male,183.182.154.21
247,Bartlett,Summersby,bsummersby6u@hubpages.com,Male,156.72.52.140
248,Casper,Gudge,cgudge6v@elegantthemes.com,Male,71.11.179.221
249,Gill,Frankling,gfrankling6w@webeden.co.uk,Female,242.75.84.123
250,Guido,Easterbrook,geasterbrook6x@stumbleupon.com,Male,214.34.236.192
251,Frants,Glennard,fglennard6y@1688.com,Male,191.221.192.150
252,Tessa,MacSweeney,tmacsweeney6z@reuters.com,Female,182.82.46.251
253,Tori,Juszkiewicz,tjuszkiewicz70@google.cn,Female,39.198.194.236
254,Hedwiga,Dukes,hdukes71@cocolog-nifty.com,Female,117.5.160.133
255,Abbie,Duckinfield,aduckinfield72@symantec.com,Female,237.204.174.147
256,Jesselyn,Le Blond,jleblond73@sciencedaily.com,Female,114.243.147.243
257,Jules,Spurdens,jspurdens74@ucoz.ru,Male,186.50.242.252
258,Othello,Ryall,oryall75@ovh.net,Male,19.13.228.150
259,Maude,Lamplugh,mlamplugh76@linkedin.com,Female,214.67.178.2
260,Sharona,Hofton,shofton77@twitpic.com,Female,195.166.254.2
261,Lyssa,Gordon,lgordon78@51.la,Female,55.224.76.0
262,Rayshell,Jeanel,rjeanel79@multiply.com,Female,253.219.47.249
263,Samantha,Ruby,sruby7a@wikispaces.com,Female,143.151.52.179
264,Ulysses,Hindes,uhindes7b@dagondesign.com,Male,19.108.215.86
265,Demetrius,Sheasby,dsheasby7c@twitpic.com,Male,33.183.122.216
266,Doloritas,Isaacson,disaacson7d@jalbum.net,Female,24.11.60.118
267,Nicolas,Farndale,nfarndale7e@hao123.com,Male,182.73.2.170
268,Gabriellia,Danzey,gdanzey7f@pagesperso-orange.fr,Female,33.114.229.90
269,Rosalyn,Bakewell,rbakewell7g@nymag.com,Female,17.205.147.161
270,Hortensia,Dudding,hdudding7h@craigslist.org,Female,179.245.121.122
271,Thelma,Knoton,tknoton7i@uiuc.edu,Female,46.116.167.31
272,Porty,Gammie,pgammie7j@twitpic.com,Male,81.220.62.174
273,Foss,Kleszinski,fkleszinski7k@vistaprint.com,Male,64.24.88.55
274,Gwynne,Jann,gjann7l@harvard.edu,Female,169.165.200.13
275,Jaquelin,Petrulis,jpetrulis7m@zimbio.com,Female,238.1.124.190
276,Cointon,Frays,cfrays7n@ning.com,Male,47.15.239.158
277,Ira,Blown,iblown7o@ovh.net,Female,135.243.45.82
278,Cesaro,Vezey,cvezey7p@soup.io,Male,224.225.143.142
279,Shelden,Kempster,skempster7q@arizona.edu,Male,50.233.145.42
280,Erek,Bygate,ebygate7r@blogspot.com,Male,169.217.35.143
281,Rickard,Dundredge,rdundredge7s@is.gd,Male,75.104.130.118
282,Pierce,Hovell,phovell7t@trellian.com,Male,255.34.45.158
283,Kellia,Rhule,krhule7u@washingtonpost.com,Female,225.14.209.199
284,Arnuad,Hexum,ahexum7v@blinklist.com,Male,182.2.58.149
285,Buffy,Ellul,bellul7w@virginia.edu,Female,159.20.55.156
286,Isabel,Gain,igain7x@booking.com,Female,111.193.204.102
287,Dalila,Duddy,dduddy7y@hp.com,Female,140.75.254.58
288,Hurley,Langstaff,hlangstaff7z@toplist.cz,Male,39.7.59.57
289,Roze,Rawlin,rrawlin80@youtu.be,Female,73.250.248.129
290,Ann-marie,Freed,afreed81@patch.com,Female,13.192.172.239
291,Jarrod,Dorrington,jdorrington82@quantcast.com,Male,16.51.189.41
292,Forbes,Sands,fsands83@patch.com,Male,176.31.37.194
293,Erick,Jiran,ejiran84@goodreads.com,Male,5.106.84.13
294,Stephana,Pulford,spulford85@house.gov,Female,108.93.109.167
295,Kennett,Conkling,kconkling86@twitter.com,Male,68.205.209.58
296,Demetria,Mattusevich,dmattusevich87@nytimes.com,Female,168.219.211.222
297,Maddy,Biggerstaff,mbiggerstaff88@ihg.com,Male,101.28.211.43
298,Trstram,Garmons,tgarmons89@gov.uk,Male,117.240.39.199
299,Jackqueline,Joinsey,jjoinsey8a@ted.com,Female,188.253.195.251
300,Salomone,Whates,swhates8b@uiuc.edu,Male,95.138.124.231
301,Masha,Vallentine,mvallentine8c@arstechnica.com,Female,154.92.178.245
302,Windham,Mundwell,wmundwell8d@networksolutions.com,Male,77.204.74.101
303,Janice,Dumberell,jdumberell8e@sun.com,Female,7.128.207.3
304,Corena,Enticott,centicott8f@rambler.ru,Female,138.123.252.102
305,Heinrick,Cleen,hcleen8g@ustream.tv,Male,147.21.1.53
306,Dorolisa,Gervaise,dgervaise8h@time.com,Female,177.164.56.148
307,Addia,Pyecroft,apyecroft8i@pinterest.com,Female,173.143.244.248
308,Bertina,Bambery,bbambery8j@ezinearticles.com,Female,47.158.25.27
309,Emili,O'Sharkey,eosharkey8k@bravesites.com,Female,4.209.214.221
310,Zak,Brogini,zbrogini8l@google.es,Male,1.110.22.53
311,Alonso,Balogh,abalogh8m@ted.com,Male,15.156.240.144
312,Raf,Withams,rwithams8n@wix.com,Female,61.198.119.158
313,Wheeler,Broader,wbroader8o@storify.com,Male,87.190.67.5
314,Arabelle,Bucham,abucham8p@eventbrite.com,Female,128.120.203.25
315,Lambert,Downton,ldownton8q@blinklist.com,Male,4.233.26.181
316,Ramona,Tunney,rtunney8r@sfgate.com,Female,186.127.141.150
317,Demetris,Arkill,darkill8s@gravatar.com,Female,188.156.122.238
318,Franzen,Drayton,fdrayton8t@meetup.com,Male,117.104.2.227
319,Anne,Sheldrick,asheldrick8u@indiatimes.com,Female,218.228.32.53
320,Jemima,Whelan,jwhelan8v@sitemeter.com,Female,84.210.42.78
321,Immanuel,Brodley,ibrodley8w@newyorker.com,Male,238.250.175.147
322,Julita,Krol,jkrol8x@joomla.org,Female,3.38.141.233
323,Wade,Akaster,wakaster8y@linkedin.com,Male,252.212.98.7
324,Nikolaos,Marzellano,nmarzellano8z@wufoo.com,Male,93.141.176.212
325,Patrizio,Brend,pbrend90@cocolog-nifty.com,Male,81.137.88.80
326,Rosamund,Denington,rdenington91@google.fr,Female,3.147.163.4
327,Marlie,Millichap,mmillichap92@bigcartel.com,Female,39.168.127.236
328,Denys,Kaas,dkaas93@cafepress.com,Female,128.239.32.228
329,Faber,Legg,flegg94@eepurl.com,Male,241.63.230.9
330,Maximilien,Elldred,melldred95@wunderground.com,Male,100.62.217.74
331,Morrie,Gout,mgout96@economist.com,Male,74.35.98.117
332,Ruprecht,Englefield,renglefield97@ow.ly,Male,14.79.46.109
333,Daune,Search,dsearch98@guardian.co.uk,Female,8.253.151.170
334,Vivienne,McNeice,vmcneice99@amazon.co.jp,Female,237.207.159.48
335,Conny,McIlwraith,cmcilwraith9a@miitbeian.gov.cn,Female,82.114.221.241
336,Nicki,Cuttin,ncuttin9b@biblegateway.com,Female,36.10.243.3
337,Eleanor,Hurlston,ehurlston9c@seesaa.net,Female,206.37.121.151
338,Irwin,McDougal,imcdougal9d@chicagotribune.com,Male,153.216.124.206
339,Ermanno,Balcon,ebalcon9e@weather.com,Male,134.110.205.141
340,Arron,Buyers,abuyers9f@is.gd,Male,135.178.58.21
341,Briano,Linkin,blinkin9g@shop-pro.jp,Male,2.172.90.55
342,Vanna,Vardy,vvardy9h@walmart.com,Female,126.209.194.9
343,Andros,Grummitt,agrummitt9i@google.ca,Male,14.31.249.126
344,Dyanna,Hann,dhann9j@businesswire.com,Female,29.94.46.173
345,Perceval,Piquard,ppiquard9k@harvard.edu,Male,18.80.246.58
346,Karoly,Blinde,kblinde9l@google.com.au,Male,252.111.201.102
347,Horten,Fayerman,hfayerman9m@nymag.com,Male,192.228.180.19
348,Cynthia,Bordman,cbordman9n@admin.ch,Female,58.128.179.84
349,Kay,Lannen,klannen9o@blog.com,Female,215.21.14.212
350,Albrecht,Bartle,abartle9p@woothemes.com,Male,184.163.36.217
351,Ondrea,Hardie,ohardie9q@hhs.gov,Female,206.214.216.114
352,Charo,Hardson,chardson9r@boston.com,Female,43.155.65.74
353,Clevie,Skelhorne,cskelhorne9s@nih.gov,Male,132.158.84.205
354,Sibbie,Caris,scaris9t@soundcloud.com,Female,76.136.218.116
355,Leroy,Thornborrow,lthornborrow9u@washington.edu,Male,159.215.111.49
356,Della,Van der Veldt,dvanderveldt9v@berkeley.edu,Female,185.160.196.21
357,Randie,Tebboth,rtebboth9w@cbsnews.com,Male,188.243.252.176
358,Bernhard,Marchent,bmarchent9x@indiatimes.com,Male,254.235.222.77
359,Laird,McMorran,lmcmorran9y@dot.gov,Male,91.61.33.156
360,Francesca,Grieveson,fgrieveson9z@netvibes.com,Female,204.13.208.225
361,Calhoun,Masserel,cmasserela0@mtv.com,Male,116.175.231.82
362,Rozelle,Bodocs,rbodocsa1@mapy.cz,Female,77.109.100.217
363,Drew,Tiuit,dtiuita2@ifeng.com,Male,121.50.253.89
364,Corine,Wiffield,cwiffielda3@guardian.co.uk,Female,145.61.158.248
365,Cathee,Clemmens,cclemmensa4@tripod.com,Female,161.169.88.208
366,Cindy,Chevins,cchevinsa5@mac.com,Female,33.240.179.236
367,Mariquilla,Velez,mveleza6@ihg.com,Female,43.19.184.92
368,Kasper,Grzelczyk,kgrzelczyka7@smh.com.au,Male,50.99.135.74
369,Inesita,Purdey,ipurdeya8@globo.com,Female,37.41.215.61
370,Enrika,Dufore,eduforea9@list-manage.com,Female,49.124.44.164
371,Ivar,Pond,ipondaa@stanford.edu,Male,229.63.25.139
372,Free,Roseburgh,froseburghab@dedecms.com,Male,143.129.21.48
373,Abramo,Pesik,apesikac@wired.com,Male,235.215.14.187
374,Dorian,Skey,dskeyad@blogspot.com,Male,206.192.40.161
375,Tabitha,Margerison,tmargerisonae@goodreads.com,Female,51.24.111.213
376,Paco,Rijkeseis,prijkeseisaf@comcast.net,Male,28.27.161.238
377,Prescott,Fleisch,pfleischag@engadget.com,Male,167.137.93.180
378,Armand,Leeb,aleebah@blogger.com,Male,156.87.244.105
379,Issy,Whellans,iwhellansai@multiply.com,Female,86.135.240.96
380,Lyndsie,Whittleton,lwhittletonaj@globo.com,Female,78.136.80.217
381,Linnet,Dine-Hart,ldinehartak@booking.com,Female,170.224.75.93
382,Shandie,Audritt,saudrittal@infoseek.co.jp,Female,77.20.179.153
383,Hewett,Lepick,hlepickam@ezinearticles.com,Male,83.11.131.236
384,Aurore,Ensor,aensoran@issuu.com,Female,40.8.2.201
385,Theresina,Gillott,tgillottao@g.co,Female,10.200.134.134
386,Evelina,Cawthra,ecawthraap@ucla.edu,Female,124.70.16.251
387,Tome,Andriulis,tandriulisaq@vkontakte.ru,Male,54.193.15.115
388,Kaylil,Lathy,klathyar@yellowbook.com,Female,163.111.212.87
389,Ebba,Beaford,ebeafordas@woothemes.com,Female,171.169.135.216
390,Brand,Le Huquet,blehuquetat@fema.gov,Male,185.114.127.49
391,Edvard,Clapp,eclappau@abc.net.au,Male,246.171.151.226
392,Odell,Whittock,owhittockav@home.pl,Male,168.130.175.75
393,Fax,Yurchishin,fyurchishinaw@jalbum.net,Male,117.60.16.208
394,Lena,Hubery,lhuberyax@thetimes.co.uk,Female,226.102.113.23
395,Sibella,Bonniface,sbonnifaceay@mysql.com,Female,172.49.242.96
396,Durand,Shillom,dshillomaz@yale.edu,Male,37.170.187.221
397,Erinna,Gavriel,egavrielb0@imdb.com,Female,72.128.241.154
398,Cyndy,Klimontovich,cklimontovichb1@cnet.com,Female,37.166.25.145
399,Layla,Atton,lattonb2@vkontakte.ru,Female,128.122.184.170
400,Russ,Lancett,rlancettb3@google.ca,Male,160.158.243.251
401,Barclay,Weldrick,bweldrickb4@hhs.gov,Male,222.73.70.236
402,Reidar,David,rdavidb5@sciencedaily.com,Male,109.43.172.140
403,Bibby,Lyall,blyallb6@irs.gov,Female,97.74.170.250
404,Myrlene,Bwye,mbwyeb7@purevolume.com,Female,131.103.7.2
405,Berne,MacDearmid,bmacdearmidb8@unicef.org,Male,192.198.27.45
406,Michael,Locket,mlocketb9@altervista.org,Male,231.63.76.66
407,Cosimo,Vigietti,cvigiettiba@altervista.org,Male,76.99.140.137
408,Gonzalo,Castleton,gcastletonbb@constantcontact.com,Male,232.254.8.15
409,Adolf,Ternent,aternentbc@cbc.ca,Male,28.86.47.112
410,Huntington,Longcaster,hlongcasterbd@is.gd,Male,235.157.203.242
411,Conway,Chell,cchellbe@alibaba.com,Male,59.7.88.143
412,Armand,Maitland,amaitlandbf@purevolume.com,Male,6.22.155.43
413,Duky,Suckling,dsucklingbg@addthis.com,Male,120.91.50.234
414,Zebulon,Frossell,zfrossellbh@state.tx.us,Male,140.102.71.151
415,Keen,Noorwood,knoorwoodbi@wunderground.com,Male,123.113.137.166
416,Brianna,Shafier,bshafierbj@slideshare.net,Female,130.33.158.179
417,Em,Burrage,eburragebk@fotki.com,Male,188.43.33.131
418,Delmar,Wrathmell,dwrathmellbl@si.edu,Male,28.180.233.89
419,Kalvin,Ballsdon,kballsdonbm@house.gov,Male,229.73.154.137
420,Nickolai,Balcers,nbalcersbn@behance.net,Male,26.52.141.48
421,Hope,Lamdin,hlamdinbo@latimes.com,Female,21.156.38.173
422,Michele,Bowditch,mbowditchbp@jalbum.net,Male,217.98.213.143
423,Miriam,Rookledge,mrookledgebq@sbwire.com,Female,43.231.254.86
424,Benedetto,Peron,bperonbr@privacy.gov.au,Male,209.70.81.7
425,Alasdair,Blabber,ablabberbs@google.co.jp,Male,103.236.62.143
426,Andras,Grenshiels,agrenshielsbt@multiply.com,Male,253.107.170.107
427,Werner,Kerfoot,wkerfootbu@deviantart.com,Male,24.168.201.151
428,Dacia,Peet,dpeetbv@ycombinator.com,Female,0.85.49.31
429,Teresa,Hablet,thabletbw@dailymail.co.uk,Female,47.32.164.160
430,Phyllys,Jumel,pjumelbx@thetimes.co.uk,Female,167.81.164.209
431,Carson,Flockhart,cflockhartby@netvibes.com,Male,230.190.42.108
432,Ursola,Roome,uroomebz@bbc.co.uk,Female,219.63.74.37
433,Davon,Galey,dgaleyc0@mozilla.org,Male,174.122.232.76
434,Jeramey,Stredder,jstredderc1@wired.com,Male,179.171.123.192
435,Truman,Schooling,tschoolingc2@zimbio.com,Male,149.100.140.34
436,Marshal,Birtwell,mbirtwellc3@squarespace.com,Male,131.185.110.115
437,Jefferson,Climpson,jclimpsonc4@stanford.edu,Male,103.133.90.161
438,Ethe,Kempson,ekempsonc5@usa.gov,Male,190.16.2.78
439,Rasla,Macallam,rmacallamc6@vistaprint.com,Female,163.54.149.3
440,Faunie,Wallworke,fwallworkec7@ibm.com,Female,137.243.187.236
441,Hammad,Abrahim,habrahimc8@istockphoto.com,Male,109.32.200.145
442,Karoly,Peeter,kpeeterc9@hibu.com,Female,251.52.212.213
443,Rawley,Geertsen,rgeertsenca@scientificamerican.com,Male,76.49.98.18
444,Addison,Cliss,aclisscb@usgs.gov,Male,142.148.14.60
445,Mayer,Denne,mdennecc@biglobe.ne.jp,Male,219.59.173.212
446,Randy,McNickle,rmcnicklecd@youku.com,Female,210.190.207.172
447,Judd,Askin,jaskince@clickbank.net,Male,230.153.152.47
448,Christiane,Redborn,credborncf@twitter.com,Female,72.6.149.158
449,Mariette,Hum,mhumcg@myspace.com,Female,30.159.171.19
450,Jenna,Cave,jcavech@unblog.fr,Female,51.114.0.239
451,Kandace,Beekmann,kbeekmannci@ucoz.com,Female,155.170.74.182
452,Ivy,Tiner,itinercj@etsy.com,Female,196.115.56.34
453,Dix,Dowzell,ddowzellck@ox.ac.uk,Female,192.207.202.22
454,Kit,Phifer,kphifercl@amazon.de,Male,160.106.40.187
455,Christy,Drought,cdroughtcm@fotki.com,Female,251.42.48.148
456,Reina,Domoni,rdomonicn@netvibes.com,Female,200.179.13.204
457,Conny,Hassent,chassentco@myspace.com,Female,141.52.137.101
458,Kelci,Battrick,kbattrickcp@vkontakte.ru,Female,126.171.138.223
459,Roseann,Grigoli,rgrigolicq@histats.com,Female,74.220.208.115
460,Abdel,Edgell,aedgellcr@liveinternet.ru,Male,96.55.75.160
461,Corinne,Medlen,cmedlencs@samsung.com,Female,105.16.165.51
462,Elston,Gounin,egouninct@mashable.com,Male,210.143.143.89
463,Iain,Donald,idonaldcu@miibeian.gov.cn,Male,49.20.140.69
464,Tammie,Rickasse,trickassecv@nsw.gov.au,Female,204.80.146.234
465,Dionisio,Baline,dbalinecw@china.com.cn,Male,82.188.78.69
466,Trixy,Lowseley,tlowseleycx@telegraph.co.uk,Female,92.107.223.4
467,Aurilia,La Grange,alagrangecy@quantcast.com,Female,136.45.133.23
468,Benetta,Rissen,brissencz@lycos.com,Female,215.14.72.255
469,Paulie,Oxtiby,poxtibyd0@taobao.com,Male,167.39.62.214
470,Ruthanne,Tyer,rtyerd1@goo.ne.jp,Female,1.230.241.188
471,Row,Planke,rplanked2@xinhuanet.com,Female,56.61.166.107
472,Pepillo,Crocroft,pcrocroftd3@dion.ne.jp,Male,147.188.137.252
473,Elias,Brundrett,ebrundrettd4@wsj.com,Male,22.114.135.166
474,Brew,Aslie,baslied5@google.co.jp,Male,98.211.119.31
475,Cullen,Ondra,condrad6@ow.ly,Male,175.162.218.180
476,Ardisj,Uff,auffd7@reverbnation.com,Female,7.165.119.54
477,Troy,Akram,takramd8@hp.com,Male,61.121.5.177
478,Carolyn,Scotson,cscotsond9@godaddy.com,Female,38.223.210.25
479,Stanton,Cail,scailda@w3.org,Male,216.4.28.50
480,Inessa,O'Dulchonta,iodulchontadb@census.gov,Female,44.45.186.194
481,Linus,Verna,lvernadc@webnode.com,Male,73.139.250.58
482,Lyn,Gregoratti,lgregorattidd@unicef.org,Female,129.215.0.110
483,Ogdan,Close,oclosede@feedburner.com,Male,220.245.74.215
484,Ashien,Alner,aalnerdf@github.com,Female,209.167.7.174
485,Dalia,Orehead,doreheaddg@yolasite.com,Female,22.10.45.209
486,Stearn,Wyness,swynessdh@list-manage.com,Male,140.184.110.56
487,Agna,Troy,atroydi@sina.com.cn,Female,134.130.76.59
488,Delia,Garnar,dgarnardj@businesswire.com,Female,245.245.169.254
489,Boycie,Weale,bwealedk@parallels.com,Male,99.9.128.216
490,Kathlin,Mashro,kmashrodl@businessweek.com,Female,114.192.146.115
491,Adelice,Seamer,aseamerdm@tuttocitta.it,Female,102.236.163.32
492,Mick,Emma,memmadn@furl.net,Male,13.70.22.59
493,Jacynth,Weson,jwesondo@youtu.be,Female,217.182.69.131
494,Georgy,Minthorpe,gminthorpedp@photobucket.com,Male,125.171.185.53
495,Freemon,Badsworth,fbadsworthdq@trellian.com,Male,57.248.112.191
496,Krissy,Jenik,kjenikdr@feedburner.com,Female,224.105.83.110
497,Donielle,Giocannoni,dgiocannonids@dion.ne.jp,Female,4.223.242.8
498,Karna,Casali,kcasalidt@creativecommons.org,Female,136.31.245.29
499,Giovanna,Scrinage,gscrinagedu@hao123.com,Female,169.24.59.64
500,Francisca,O' Brian,fobriandv@ted.com,Female,22.214.189.4
501,Grantley,Burl,gburldw@youku.com,Male,101.97.7.81
502,Dall,Gianelli,dgianellidx@netlog.com,Male,103.230.56.41
503,Marigold,Wimlet,mwimletdy@squidoo.com,Female,91.120.234.52
504,Allister,Crake,acrakedz@mapquest.com,Male,179.181.55.134
505,Clevie,Woodrow,cwoodrowe0@fc2.com,Male,89.111.51.253
506,Carolin,Sutherland,csutherlande1@google.co.jp,Female,132.175.254.240
507,Steffane,Healks,shealkse2@is.gd,Female,212.226.75.47
508,Lawry,O'Noland,lonolande3@sfgate.com,Male,127.25.161.210
509,Jojo,Lyddiard,jlyddiarde4@harvard.edu,Female,33.154.9.252
510,Karola,Culwen,kculwene5@ft.com,Female,236.54.22.176
511,Wendall,Rawe,wrawee6@photobucket.com,Male,23.227.217.215
512,Milton,Linturn,mlinturne7@gov.uk,Male,201.244.177.166
513,Cobbie,Silversmid,csilversmide8@cam.ac.uk,Male,156.124.103.76
514,Vladamir,Rizzi,vrizzie9@bloglines.com,Male,241.239.147.134
515,Fayre,Stewartson,fstewartsonea@cloudflare.com,Female,224.253.15.101
516,Humberto,Orvis,horviseb@last.fm,Male,49.96.203.101
517,Husein,Steer,hsteerec@jugem.jp,Male,189.32.200.66
518,Hortense,Firk,hfirked@tuttocitta.it,Female,86.203.99.154
519,Meara,Dorward,mdorwardee@tmall.com,Female,112.222.89.104
520,Robbie,Herity,rherityef@telegraph.co.uk,Female,151.46.65.119
521,Stan,Linkin,slinkineg@theguardian.com,Male,197.215.123.159
522,Yehudi,Wilkisson,ywilkissoneh@dell.com,Male,8.213.15.46
523,Alvin,Soles,asolesei@google.ca,Male,120.61.117.245
524,Geraldine,Organer,gorganerej@spotify.com,Female,43.227.12.197
525,Amalia,Ladd,aladdek@marketwatch.com,Female,10.99.133.167
526,Judd,Gillie,jgillieel@altervista.org,Male,223.145.65.9
527,Linus,Vieyra,lvieyraem@feedburner.com,Male,29.64.219.255
528,Mattias,Siggins,msigginsen@sina.com.cn,Male,107.245.27.109
529,Mariann,Coulsen,mcoulseneo@livejournal.com,Female,3.221.198.57
530,Ruthe,Goldsberry,rgoldsberryep@dell.com,Female,195.243.23.149
531,Antoni,Burdis,aburdiseq@ameblo.jp,Male,221.145.84.212
532,Alla,Comberbach,acomberbacher@tiny.cc,Female,101.72.158.44
533,Ruddie,Kleisel,rkleiseles@census.gov,Male,140.73.6.65
534,Gradey,Sanderson,gsandersonet@ameblo.jp,Male,100.99.237.6
535,Horatius,Millin,hmillineu@sourceforge.net,Male,202.22.178.4
536,Albert,Cayette,acayetteev@ibm.com,Male,245.37.149.61
537,Juana,Aleksandrov,jaleksandrovew@nps.gov,Female,155.102.238.155
538,Simone,Delmage,sdelmageex@studiopress.com,Male,11.64.180.253
539,Ogdon,Ramble,orambleey@fotki.com,Male,68.206.24.12
540,Gary,Yitzowitz,gyitzowitzez@bbc.co.uk,Male,254.173.222.218
541,Newton,Fritschel,nfritschelf0@bbb.org,Male,163.173.208.52
542,Abba,Menis,amenisf1@hatena.ne.jp,Male,7.29.169.30
543,Dore,Dilnot,ddilnotf2@wp.com,Female,213.166.30.140
544,Peterus,Joiris,pjoirisf3@dell.com,Male,19.77.190.172
545,Dwight,Meyer,dmeyerf4@is.gd,Male,84.29.161.81
546,Tiffany,Seekings,tseekingsf5@ed.gov,Female,32.128.104.134
547,Kristi,Neesam,kneesamf6@imageshack.us,Female,229.24.181.203
548,Jarid,Cabena,jcabenaf7@bigcartel.com,Male,167.143.94.164
549,Kassi,Densumbe,kdensumbef8@eventbrite.com,Female,203.246.166.185
550,Devonna,Antoniak,dantoniakf9@discovery.com,Female,245.245.92.50
551,Aloysius,Rothert,arothertfa@hostgator.com,Male,3.77.119.236
552,Ann,Bullar,abullarfb@angelfire.com,Female,202.51.155.108
553,Gael,Gehring,ggehringfc@fema.gov,Male,75.96.174.106
554,Adrian,Groomebridge,agroomebridgefd@weather.com,Male,114.198.224.28
555,Melvyn,Goldthorpe,mgoldthorpefe@mysql.com,Male,133.173.74.196
556,Zorah,Vila,zvilaff@istockphoto.com,Female,164.250.3.124
557,Joel,Geale,jgealefg@1und1.de,Male,20.135.223.200
558,Rufus,Spreag,rspreagfh@themeforest.net,Male,133.16.152.205
559,Baxy,Sichardt,bsichardtfi@imageshack.us,Male,31.250.121.72
560,Sandro,Abbys,sabbysfj@seattletimes.com,Male,105.35.187.178
561,Eolande,Downs,edownsfk@webeden.co.uk,Female,189.223.190.34
562,Ellwood,Hupka,ehupkafl@yellowbook.com,Male,147.255.24.225
563,Napoleon,Manchester,nmanchesterfm@hubpages.com,Male,207.162.244.163
564,Philipa,Maddie,pmaddiefn@imageshack.us,Female,251.237.117.207
565,Pinchas,Conyers,pconyersfo@uiuc.edu,Male,123.206.192.189
566,Neils,Carillo,ncarillofp@about.me,Male,123.92.150.52
567,Siusan,Nealy,snealyfq@comsenz.com,Female,183.191.96.57
568,Skipp,Brownsea,sbrownseafr@tuttocitta.it,Male,184.225.38.42
569,Martguerita,Stennet,mstennetfs@symantec.com,Female,152.252.11.19
570,Trip,MacSherry,tmacsherryft@deviantart.com,Male,33.178.151.66
571,Nicky,McGebenay,nmcgebenayfu@posterous.com,Male,53.109.46.87
572,Tudor,Novis,tnovisfv@vinaora.com,Male,48.167.33.230
573,Roz,Kremer,rkremerfw@cornell.edu,Female,236.27.40.34
574,Butch,Szymonowicz,bszymonowiczfx@imageshack.us,Male,174.174.247.89
575,Gael,Jelphs,gjelphsfy@gnu.org,Male,103.42.8.17
576,Stanislaw,Straffon,sstraffonfz@cpanel.net,Male,126.230.80.201
577,Adolpho,Barribal,abarribalg0@w3.org,Male,89.79.154.30
578,Moina,Blair,mblairg1@mozilla.org,Female,59.68.190.120
579,Gardner,Freezor,gfreezorg2@jiathis.com,Male,169.252.113.240
580,Susan,Severn,sseverng3@cnet.com,Female,121.203.253.208
581,Annabella,Ritchley,aritchleyg4@google.com.hk,Female,64.126.228.126
582,Myrna,Cohr,mcohrg5@shinystat.com,Female,118.105.55.175
583,Devon,Asbery,dasberyg6@omniture.com,Female,21.254.67.181
584,Calv,Iceton,cicetong7@amazon.co.uk,Male,18.154.172.99
585,Travers,Dearman,tdearmang8@behance.net,Male,1.21.99.165
586,Hollyanne,Suttell,hsuttellg9@jugem.jp,Female,234.206.214.117
587,Frederic,Matushevich,fmatushevichga@istockphoto.com,Male,235.27.165.117
588,Darrelle,Picford,dpicfordgb@macromedia.com,Female,38.220.132.60
589,Mollee,Delacourt,mdelacourtgc@t.co,Female,32.149.174.26
590,Trude,Palombi,tpalombigd@cyberchimps.com,Female,208.132.234.169
591,Ashlan,Galley,agalleyge@i2i.jp,Female,68.234.210.213
592,Darrick,Spofford,dspoffordgf@imageshack.us,Male,30.63.68.167
593,Theodoric,Rzehor,trzehorgg@ed.gov,Male,37.9.202.42
594,Elden,Quadrio,equadriogh@blogger.com,Male,53.54.10.6
595,Dina,Houlison,dhoulisongi@digg.com,Female,106.251.41.247
596,Kelli,Chadbourne,kchadbournegj@kickstarter.com,Female,82.3.246.47
597,Josepha,Reignolds,jreignoldsgk@wikipedia.org,Female,14.218.168.91
598,Armand,Chiplen,achiplengl@networksolutions.com,Male,14.185.112.153
599,Arnaldo,Ridgway,aridgwaygm@fc2.com,Male,179.113.137.130
600,Danielle,Pattie,dpattiegn@nymag.com,Female,9.239.128.136
601,Else,Jaye,ejayego@seattletimes.com,Female,76.241.138.57
602,Maurine,Meadowcraft,mmeadowcraftgp@uiuc.edu,Female,161.63.35.225
603,Joelle,Jeggo,jjeggogq@istockphoto.com,Female,205.151.200.195
604,Enrico,Drewes,edrewesgr@npr.org,Male,248.231.216.230
605,Hank,Kelemen,hkelemengs@tinyurl.com,Male,241.0.107.126
606,Deb,Sneath,dsneathgt@360.cn,Female,161.202.163.203
607,Carie,Paula,cpaulagu@google.com,Female,69.94.27.29
608,Galen,Yeandel,gyeandelgv@addtoany.com,Male,226.247.17.14
609,Laughton,Lacky,llackygw@mlb.com,Male,36.102.30.142
610,Merrili,Labden,mlabdengx@mlb.com,Female,49.230.105.83
611,Baxie,Woonton,bwoontongy@furl.net,Male,62.225.227.5
612,Aigneis,Thrift,athriftgz@wp.com,Female,42.154.93.100
613,Harrie,Iredale,hiredaleh0@bing.com,Female,54.107.70.51
614,Gabby,Holah,gholahh1@wix.com,Male,229.112.237.126
615,Gian,Lindbergh,glindberghh2@tumblr.com,Male,123.204.114.3
616,Veda,Bastin,vbastinh3@whitehouse.gov,Female,233.143.163.57
617,Land,Mead,lmeadh4@pbs.org,Male,199.2.131.174
618,Laney,Bottlestone,lbottlestoneh5@altervista.org,Male,74.67.89.108
619,Vyky,Fawdery,vfawderyh6@wsj.com,Female,175.125.30.146
620,Ciro,Asling,caslingh7@360.cn,Male,12.219.3.159
621,Yorgo,Redish,yredishh8@dailymail.co.uk,Male,11.212.239.25
622,Rosabel,Dacre,rdacreh9@sphinn.com,Female,183.46.112.230
623,Shantee,Jackes,sjackesha@msu.edu,Female,13.50.135.13
624,Hatty,Glanders,hglandershb@sitemeter.com,Female,89.63.177.216
625,Vittoria,Millson,vmillsonhc@cyberchimps.com,Female,164.164.196.154
626,Sol,Greensall,sgreensallhd@imageshack.us,Male,109.22.68.152
627,Drusilla,Bradfield,dbradfieldhe@timesonline.co.uk,Female,64.178.61.220
628,Norine,Chritchley,nchritchleyhf@youtube.com,Female,125.178.136.84
629,Kurt,Corington,kcoringtonhg@google.ru,Male,112.202.203.199
630,Esme,Morrant,emorranthh@independent.co.uk,Male,189.160.248.32
631,Amandy,Foran,aforanhi@patch.com,Female,47.182.216.133
632,Kenn,Maybery,kmayberyhj@usgs.gov,Male,221.28.169.49
633,Winston,Parres,wparreshk@google.de,Male,198.136.12.64
634,Bryn,Averill,baverillhl@vk.com,Female,34.21.96.49
635,Mirabel,Egginton,meggintonhm@ocn.ne.jp,Female,148.234.243.159
636,Sam,Towers,stowershn@storify.com,Male,152.29.35.238
637,Kerrin,Camelin,kcamelinho@amazonaws.com,Female,92.167.167.98
638,Gifford,Fanning,gfanninghp@constantcontact.com,Male,47.170.16.65
639,Guglielmo,Dickenson,gdickensonhq@icq.com,Male,60.123.13.204
640,Cynthy,Barnett,cbarnetthr@myspace.com,Female,150.72.117.134
641,Arliene,Dyett,adyetths@example.com,Female,7.53.94.65
642,Sofie,Crafts,scraftsht@pbs.org,Female,29.76.4.108
643,Leeland,Heathcote,lheathcotehu@bbc.co.uk,Male,58.201.62.98
644,Mikaela,McGourty,mmcgourtyhv@nsw.gov.au,Female,195.102.12.120
645,Ingelbert,Matteau,imatteauhw@cpanel.net,Male,40.50.24.246
646,Madelaine,Corteis,mcorteishx@nationalgeographic.com,Female,68.156.60.118
647,Sandye,Ziebart,sziebarthy@cdc.gov,Female,16.48.214.108
648,Shirline,Hendricks,shendrickshz@1und1.de,Female,183.52.43.161
649,Anthiathia,Lithcow,alithcowi0@google.ca,Female,73.91.29.37
650,Claudius,Holsall,cholsalli1@phpbb.com,Male,49.219.209.225
651,Joelie,Habgood,jhabgoodi2@opera.com,Female,122.11.177.85
652,Rhona,Brewin,rbrewini3@surveymonkey.com,Female,205.24.149.0
653,Star,Flanigan,sflanigani4@pen.io,Female,170.101.0.56
654,Paton,Nial,pniali5@mlb.com,Male,185.123.54.124
655,Bonny,Marien,bmarieni6@cbsnews.com,Female,97.130.2.200
656,Penrod,Benedikt,pbenedikti7@yelp.com,Male,82.6.169.5
657,Iolanthe,Farrants,ifarrantsi8@addtoany.com,Female,238.104.154.130
658,Nike,Bradfield,nbradfieldi9@goo.gl,Female,197.186.176.120
659,Tamera,Girardetti,tgirardettiia@sfgate.com,Female,43.184.177.200
660,Verina,Retter,vretterib@hatena.ne.jp,Female,42.54.65.113
661,Jenifer,Mowbray,jmowbrayic@arizona.edu,Female,236.170.179.203
662,Noak,McQuarrie,nmcquarrieid@quantcast.com,Male,45.174.140.110
663,Selina,de Tocqueville,sdetocquevilleie@usatoday.com,Female,92.37.37.100
664,Thatcher,Chittleburgh,tchittleburghif@dyndns.org,Male,134.67.220.171
665,Roderic,Bachelar,rbachelarig@slashdot.org,Male,197.193.174.143
666,Cletus,MacLardie,cmaclardieih@merriam-webster.com,Male,98.83.91.95
667,Catherin,Barthot,cbarthotii@hibu.com,Female,187.11.183.62
668,Chanda,Lemoir,clemoirij@timesonline.co.uk,Female,246.90.84.83
669,Aridatha,Parradye,aparradyeik@ifeng.com,Female,71.2.249.165
670,Garrett,Pepler,gpepleril@tumblr.com,Male,171.84.190.205
671,Innis,Jelfs,ijelfsim@hhs.gov,Male,108.145.193.231
672,Esther,Eddy,eeddyin@patch.com,Female,139.36.39.48
673,Mahmoud,Wennam,mwennamio@google.co.uk,Male,177.154.243.154
674,Cecilio,Fylan,cfylanip@free.fr,Male,186.180.148.71
675,Reiko,Leakner,rleakneriq@mozilla.org,Female,131.234.51.214
676,Johan,Durgan,jdurganir@bbc.co.uk,Male,32.130.175.24
677,Moses,Lude,mludeis@instagram.com,Male,247.245.118.51
678,Gayle,Moreman,gmoremanit@list-manage.com,Female,233.4.223.150
679,Kania,Anney,kanneyiu@sakura.ne.jp,Female,13.247.187.252
680,Frannie,Harwin,fharwiniv@forbes.com,Female,74.156.66.230
681,Ogdan,Lomaz,olomaziw@reverbnation.com,Male,38.95.250.7
682,Phillida,Bridgeman,pbridgemanix@people.com.cn,Female,150.125.118.144
683,Terrance,Antosch,tantoschiy@com.com,Male,221.92.58.238
684,Packston,Fairbank,pfairbankiz@dailymail.co.uk,Male,49.255.127.170
685,Shari,Mewitt,smewittj0@w3.org,Female,69.110.6.21
686,Luci,Gouly,lgoulyj1@java.com,Female,214.78.74.84
687,Kearney,Rivitt,krivittj2@blogger.com,Male,196.211.12.221
688,Lavinia,Withrington,lwithringtonj3@hostgator.com,Female,162.58.23.14
689,Dorrie,Iorizzo,diorizzoj4@tmall.com,Female,248.11.67.229
690,Matthew,Ackeroyd,mackeroydj5@moonfruit.com,Male,202.218.30.136
691,Tabatha,O'Deoran,todeoranj6@ask.com,Female,229.111.238.219
692,Letitia,Campelli,lcampellij7@naver.com,Female,129.115.25.246
693,Katherina,Iglesia,kiglesiaj8@hao123.com,Female,144.70.14.201
694,Leonerd,Van Saltsberg,lvansaltsbergj9@prnewswire.com,Male,183.237.46.107
695,Giuseppe,Rudd,gruddja@delicious.com,Male,136.58.175.142
696,Abigail,Brame,abramejb@shop-pro.jp,Female,74.188.205.253
697,Emile,Ormiston,eormistonjc@g.co,Male,34.87.234.88
698,Bertina,Skermer,bskermerjd@i2i.jp,Female,10.6.234.2
699,Tobias,Ryles,trylesje@mysql.com,Male,5.32.228.191
700,Faulkner,Washtell,fwashtelljf@google.ru,Male,1.77.62.140
701,Hogan,Isacsson,hisacssonjg@mit.edu,Male,126.253.145.26
702,Darrin,Cubbini,dcubbinijh@wikipedia.org,Male,198.174.37.116
703,Wadsworth,Blodg,wblodgji@sbwire.com,Male,41.185.202.88
704,Ofella,Trathan,otrathanjj@theguardian.com,Female,181.238.127.238
705,Davey,Hyslop,dhyslopjk@arizona.edu,Male,76.37.230.116
706,Inigo,Lynnitt,ilynnittjl@amazon.com,Male,245.228.107.14
707,Aleen,Rutley,arutleyjm@nytimes.com,Female,166.180.246.20
708,Cinda,Aindriu,caindriujn@dion.ne.jp,Female,17.25.107.172
709,Lowell,Campanelle,lcampanellejo@nih.gov,Male,56.33.37.24
710,Van,Bretherick,vbretherickjp@dagondesign.com,Male,251.113.50.242
711,Abbey,Bert,abertjq@cdbaby.com,Male,181.149.67.135
712,Jorgan,Brugsma,jbrugsmajr@irs.gov,Male,149.105.177.244
713,Gavan,Zanitti,gzanittijs@mac.com,Male,65.6.187.107
714,Timmy,MacAscaidh,tmacascaidhjt@bbc.co.uk,Male,81.237.78.18
715,Aili,Schach,aschachju@163.com,Female,133.92.101.120
716,Lyndsey,Legerton,llegertonjv@soup.io,Female,26.96.115.192
717,Frazier,Gilliat,fgilliatjw@omniture.com,Male,137.243.137.35
718,Alfy,Starbuck,astarbuckjx@cbc.ca,Male,177.117.41.228
719,Valentin,Imison,vimisonjy@xinhuanet.com,Male,61.76.243.218
720,Darwin,Gubbin,dgubbinjz@harvard.edu,Male,3.188.242.254
721,Claude,Dron,cdronk0@slashdot.org,Female,64.51.182.151
722,Cody,Clarridge,cclarridgek1@cam.ac.uk,Female,32.208.82.30
723,Ranique,Masurel,rmasurelk2@tmall.com,Female,122.172.238.249
724,Roscoe,Bellefant,rbellefantk3@sogou.com,Male,181.118.206.200
725,Lucais,Fausset,lfaussetk4@xrea.com,Male,227.153.216.121
726,Trey,Genney,tgenneyk5@canalblog.com,Male,179.173.232.254
727,Isabelita,Cunrado,icunradok6@google.co.uk,Female,126.140.94.54
728,Boycie,Brabbins,bbrabbinsk7@behance.net,Male,133.48.191.166
729,Celina,Guyonnet,cguyonnetk8@dyndns.org,Female,18.230.137.59
730,Gunilla,Boneham,gbonehamk9@answers.com,Female,234.228.202.2
731,Will,Bentke,wbentkeka@senate.gov,Male,22.228.233.254
732,Esme,Hegarty,ehegartykb@ted.com,Female,82.15.160.134
733,Sonni,Gornall,sgornallkc@wikia.com,Female,101.154.122.84
734,Avery,Rocks,arockskd@kickstarter.com,Male,125.133.204.169
735,Miner,Stretton,mstrettonke@slashdot.org,Male,251.200.150.238
736,Clarinda,Brownhall,cbrownhallkf@simplemachines.org,Female,230.156.225.173
737,Chrystal,Trodler,ctrodlerkg@freewebs.com,Female,225.31.112.109
738,Leesa,Vardie,lvardiekh@deliciousdays.com,Female,60.147.166.59
739,Emelen,Treadaway,etreadawayki@rambler.ru,Male,239.232.28.132
740,Say,Hucquart,shucquartkj@artisteer.com,Male,84.32.114.39
741,Giordano,Opdenorth,gopdenorthkk@behance.net,Male,161.55.87.165
742,Kris,Tatchell,ktatchellkl@vistaprint.com,Male,103.127.215.164
743,Vaughan,Stowell,vstowellkm@buzzfeed.com,Male,191.194.209.46
744,Oliviero,Menault,omenaultkn@wix.com,Male,232.250.27.11
745,Madalena,Cicchillo,mcicchilloko@bloglovin.com,Female,175.231.216.197
746,Sharline,Creak,screakkp@vk.com,Female,239.191.53.6
747,Torrey,Melladew,tmelladewkq@odnoklassniki.ru,Male,57.188.106.66
748,Heidie,Outlaw,houtlawkr@privacy.gov.au,Female,51.199.25.133
749,Terrell,Sporgeon,tsporgeonks@cpanel.net,Male,121.93.192.98
750,Edan,Brenstuhl,ebrenstuhlkt@newyorker.com,Male,248.35.124.240
751,Richy,Chaloner,rchalonerku@businesswire.com,Male,49.47.161.156
752,Roxane,Jerdein,rjerdeinkv@360.cn,Female,21.46.223.81
753,Kristopher,Bus,kbuskw@google.de,Male,128.126.96.64
754,Mill,Sappson,msappsonkx@about.me,Male,90.183.217.123
755,Damaris,Keave,dkeaveky@home.pl,Female,24.155.42.196
756,Elwira,Sall,esallkz@discuz.net,Female,125.151.118.248
757,Loree,Kearle,lkearlel0@hibu.com,Female,193.44.175.72
758,Winona,Botright,wbotrightl1@bandcamp.com,Female,8.186.61.198
759,Jodi,Rouch,jrouchl2@ucla.edu,Female,197.124.241.144
760,Pris,Howsego,phowsegol3@histats.com,Female,109.71.235.122
761,Randa,Byrne,rbyrnel4@google.es,Female,112.251.73.189
762,Pepito,Lemmer,plemmerl5@usa.gov,Male,60.155.208.214
763,Cassy,Skedge,cskedgel6@ucoz.com,Female,255.148.131.74
764,Marjory,Russel,mrussell7@hexun.com,Female,157.169.138.36
765,Cesar,Gleave,cgleavel8@earthlink.net,Male,174.115.114.224
766,Dionne,Hugli,dhuglil9@nydailynews.com,Female,59.248.88.201
767,Mack,Raulin,mraulinla@blogtalkradio.com,Male,158.133.134.118
768,Hannah,Pettengell,hpettengelllb@domainmarket.com,Female,49.18.15.38
769,Anatol,Ridgers,aridgerslc@biglobe.ne.jp,Male,114.168.224.203
770,Clo,McQuirter,cmcquirterld@altervista.org,Female,148.155.20.60
771,Boycey,Mardy,bmardyle@desdev.cn,Male,85.122.206.75
772,Lenore,Tomasino,ltomasinolf@sfgate.com,Female,17.66.167.10
773,Mallory,Ickowics,mickowicslg@mapquest.com,Male,237.164.14.192
774,Collette,O'Flaherty,coflahertylh@cafepress.com,Female,69.42.65.220
775,Mona,Browett,mbrowettli@google.de,Female,0.137.76.126
776,Salem,Eves,seveslj@ed.gov,Male,143.192.34.234
777,Johny,Sayward,jsaywardlk@lulu.com,Male,49.172.190.7
778,Claire,Sliney,cslineyll@shareasale.com,Male,76.63.205.135
779,Mort,Schriren,mschrirenlm@mapy.cz,Male,95.105.195.0
780,Rollins,Neno,rnenoln@cam.ac.uk,Male,38.220.25.102
781,Anni,Filippucci,afilippuccilo@epa.gov,Female,13.7.28.201
782,Debby,Colaton,dcolatonlp@storify.com,Female,25.65.177.62
783,Jesse,Berk,jberklq@hubpages.com,Female,195.106.238.133
784,Margarette,Ritter,mritterlr@ehow.com,Female,51.63.121.28
785,Dael,Kenchington,dkenchingtonls@state.gov,Female,208.67.203.77
786,Shadow,Bowsher,sbowsherlt@shop-pro.jp,Male,191.22.154.108
787,Audie,Udale,audalelu@sbwire.com,Female,176.49.134.122
788,Dacey,Cantera,dcanteralv@salon.com,Female,98.187.89.119
789,Nannette,Lorryman,nlorrymanlw@cornell.edu,Female,92.128.48.5
790,Tymon,Sibbson,tsibbsonlx@biblegateway.com,Male,80.41.169.100
791,Albertine,Cogzell,acogzellly@dyndns.org,Female,89.254.69.115
792,Annaliese,Manning,amanninglz@latimes.com,Female,246.140.72.218
793,Corliss,Cecely,ccecelym0@archive.org,Female,119.236.73.40
794,Jude,Mockler,jmocklerm1@about.me,Male,205.154.222.235
795,Hephzibah,Wiggall,hwiggallm2@elpais.com,Female,218.111.1.170
796,Simeon,Vlasenko,svlasenkom3@berkeley.edu,Male,7.28.128.116
797,Giff,McQuarrie,gmcquarriem4@gizmodo.com,Male,174.128.43.93
798,Kirby,Scollan,kscollanm5@oaic.gov.au,Female,169.207.103.206
799,Rudolf,Norwell,rnorwellm6@irs.gov,Male,206.49.131.199
800,Patience,Bollans,pbollansm7@umich.edu,Female,237.208.83.116
801,Sibelle,Dunston,sdunstonm8@state.gov,Female,215.189.250.54
802,Arda,Gallehock,agallehockm9@t.co,Female,82.217.89.160
803,Charissa,Boog,cboogma@cam.ac.uk,Female,148.18.36.54
804,Salomo,Ortega,sortegamb@infoseek.co.jp,Male,73.9.245.149
805,Di,Fitzsimmons,dfitzsimmonsmc@hatena.ne.jp,Female,176.213.208.243
806,Jasmine,Issitt,jissittmd@mac.com,Female,154.246.93.181
807,Bibby,Simeoni,bsimeonime@examiner.com,Female,93.195.206.79
808,Amye,Ballentime,aballentimemf@163.com,Female,121.155.111.146
809,Milzie,Itchingham,mitchinghammg@behance.net,Female,249.60.85.36
810,Doralyn,Lugsdin,dlugsdinmh@over-blog.com,Female,130.249.100.178
811,Dun,Moreside,dmoresidemi@netvibes.com,Male,236.73.223.188
812,Bobbie,McIlwrick,bmcilwrickmj@usatoday.com,Female,90.184.214.69
813,Dell,Scedall,dscedallmk@miitbeian.gov.cn,Female,85.50.6.206
814,Ethan,Szimoni,eszimoniml@google.cn,Male,60.100.125.219
815,Zerk,Prujean,zprujeanmm@dot.gov,Male,21.144.37.166
816,Bat,Paffot,bpaffotmn@tiny.cc,Male,97.184.231.22
817,Loreen,Gilliatt,lgilliattmo@sakura.ne.jp,Female,81.139.189.189
818,Elizabeth,Vankeev,evankeevmp@nps.gov,Female,180.105.231.146
819,Seamus,Westmancoat,swestmancoatmq@ovh.net,Male,185.49.66.132
820,Daffie,Crutchley,dcrutchleymr@bbb.org,Female,34.11.211.136
821,Caldwell,Rivett,crivettms@marketwatch.com,Male,234.156.149.247
822,Kristos,Debow,kdebowmt@sohu.com,Male,248.17.165.232
823,Teador,Maddie,tmaddiemu@unc.edu,Male,186.84.64.204
824,Svend,Circuitt,scircuittmv@nytimes.com,Male,38.164.84.190
825,Brig,Kave,bkavemw@fda.gov,Male,10.139.30.82
826,Thorvald,Webb-Bowen,twebbbowenmx@lycos.com,Male,119.122.204.250
827,Ariel,Cockley,acockleymy@bbc.co.uk,Female,237.213.135.158
828,Hercule,Stanbury,hstanburymz@fotki.com,Male,55.147.194.191
829,Hirsch,Alderson,haldersonn0@toplist.cz,Male,40.110.186.189
830,Aile,Blundan,ablundann1@merriam-webster.com,Female,105.156.28.249
831,Gui,Damsell,gdamselln2@businesswire.com,Female,29.242.138.192
832,Corbie,Pickerin,cpickerinn3@shop-pro.jp,Male,142.29.163.113
833,Bride,Glancy,bglancyn4@google.cn,Female,185.172.40.140
834,Mehetabel,Bond,mbondn5@ovh.net,Female,223.18.172.184
835,Daria,Brothwood,dbrothwoodn6@trellian.com,Female,221.218.207.115
836,Freddie,Bittleson,fbittlesonn7@addthis.com,Male,109.72.108.222
837,Kaile,Coen,kcoenn8@berkeley.edu,Female,137.201.18.115
838,Mame,Rummer,mrummern9@flickr.com,Female,99.121.190.37
839,Myrvyn,Manske,mmanskena@noaa.gov,Male,35.39.0.158
840,Maye,Lugton,mlugtonnb@apache.org,Female,120.220.106.109
841,Lionel,Gocher,lgochernc@nature.com,Male,221.228.87.100
842,Templeton,Schenfisch,tschenfischnd@xrea.com,Male,176.33.194.127
843,Alix,Miguet,amiguetne@w3.org,Male,211.76.22.66
844,Emmaline,Eisak,eeisaknf@stumbleupon.com,Female,22.203.155.185
845,Wynn,Tirrey,wtirreyng@posterous.com,Male,176.200.125.249
846,Audie,Bradnam,abradnamnh@bandcamp.com,Female,211.23.47.76
847,Cilka,Cornely,ccornelyni@drupal.org,Female,198.84.193.171
848,Audrye,Islep,aislepnj@yahoo.co.jp,Female,146.85.218.127
849,Jessica,Sparham,jsparhamnk@ft.com,Female,204.13.159.156
850,Greta,Licquorish,glicquorishnl@nih.gov,Female,83.37.222.152
851,Charlene,Rontree,crontreenm@ucsd.edu,Female,82.50.94.219
852,Norton,Bartlett,nbartlettnn@virginia.edu,Male,230.125.248.98
853,Court,Beech,cbeechno@wired.com,Male,22.227.119.237
854,Kellyann,Rospars,krosparsnp@istockphoto.com,Female,94.11.245.149
855,Zacharie,Gobbet,zgobbetnq@4shared.com,Male,219.97.243.130
856,Delores,Buckston,dbuckstonnr@w3.org,Female,116.245.242.187
857,Doroteya,Stother,dstotherns@imdb.com,Female,59.204.206.13
858,Therese,Deneve,tdenevent@tamu.edu,Female,181.87.255.173
859,Susanne,Cogdell,scogdellnu@elpais.com,Female,136.41.55.47
860,Gal,Cranke,gcrankenv@kickstarter.com,Male,134.119.107.17
861,Corey,Stranaghan,cstranaghannw@desdev.cn,Male,170.127.37.80
862,Stacy,Robus,srobusnx@booking.com,Female,84.69.49.35
863,Colet,Cunah,ccunahny@fc2.com,Male,75.28.103.25
864,Olivero,Wilby,owilbynz@nymag.com,Male,81.223.127.97
865,Darice,De Filippi,ddefilippio0@comsenz.com,Female,173.81.211.9
866,Benedetta,Elsley,belsleyo1@youku.com,Female,142.104.118.113
867,Bartolomeo,Buddle,bbuddleo2@networksolutions.com,Male,135.5.172.169
868,Briana,Llewellen,bllewelleno3@hostgator.com,Female,13.31.39.111
869,Rollin,Lesly,rleslyo4@cnbc.com,Male,181.255.162.101
870,Miller,Rosentholer,mrosentholero5@huffingtonpost.com,Male,248.170.143.42
871,Aida,Frew,afrewo6@mozilla.com,Female,85.86.9.176
872,Francesco,Dast,fdasto7@lulu.com,Male,21.247.118.143
873,Gabbey,Olney,golneyo8@yahoo.co.jp,Female,230.232.51.220
874,Zelig,MacCaughan,zmaccaughano9@ca.gov,Male,251.111.226.236
875,Shoshana,Evershed,severshedoa@comcast.net,Female,231.170.97.11
876,Hinze,Roderighi,hroderighiob@phoca.cz,Male,19.208.136.126
877,Briano,Reis,breisoc@umich.edu,Male,170.48.152.194
878,Man,Benton,mbentonod@unc.edu,Male,182.125.171.78
879,Gabriel,Manus,gmanusoe@mashable.com,Male,111.148.60.127
880,Saunders,Keford,skefordof@rambler.ru,Male,29.22.8.44
881,Temp,Aris,tarisog@miitbeian.gov.cn,Male,88.43.204.186
882,Dion,Mew,dmewoh@jimdo.com,Female,160.164.65.65
883,Pate,Sworn,pswornoi@google.nl,Male,141.242.139.155
884,Martino,Bratten,mbrattenoj@hostgator.com,Male,236.40.25.63
885,Andy,Beardshall,abeardshallok@tinypic.com,Male,86.237.86.232
886,Deborah,Jereatt,djereattol@msu.edu,Female,53.246.217.32
887,Erica,Alkins,ealkinsom@amazon.co.jp,Female,238.22.84.10
888,Alexandr,Hughman,ahughmanon@1und1.de,Male,136.231.168.170
889,Conrade,Gayne,cgayneoo@cornell.edu,Male,111.5.20.133
890,Winni,Trask,wtraskop@businesswire.com,Female,76.210.201.96
891,Perren,Gunton,pguntonoq@columbia.edu,Male,30.109.252.126
892,Tessy,Candie,tcandieor@imgur.com,Female,208.221.200.82
893,Joete,Corbett,jcorbettos@msn.com,Female,139.22.136.220
894,Othelia,McCheyne,omccheyneot@java.com,Female,189.72.61.180
895,Taber,Dorre,tdorreou@irs.gov,Male,75.239.200.121
896,Willamina,Broster,wbrosterov@mozilla.org,Female,86.79.133.234
897,Ruddie,Stronach,rstronachow@imageshack.us,Male,227.157.253.116
898,Sherlocke,Tirkin,stirkinox@reference.com,Male,188.229.227.31
899,Val,Clutten,vcluttenoy@apache.org,Female,255.69.178.200
900,Bren,Shelliday,bshellidayoz@google.ru,Male,98.153.82.170
901,Joaquin,Dysart,jdysartp0@hud.gov,Male,160.210.184.70
902,Edin,Bazley,ebazleyp1@tiny.cc,Female,155.195.43.19
903,Horton,Wheway,hwhewayp2@simplemachines.org,Male,29.38.134.255
904,Peggie,Roswarne,proswarnep3@storify.com,Female,14.115.103.88
905,Ingar,Paddock,ipaddockp4@pbs.org,Male,134.142.243.155
906,Morie,Roose,mroosep5@bluehost.com,Male,41.154.13.47
907,Ignatius,McKew,imckewp6@youtu.be,Male,155.33.48.129
908,Mel,Siemon,msiemonp7@jugem.jp,Male,24.239.249.180
909,Al,Pedrocco,apedroccop8@quantcast.com,Male,8.121.194.90
910,Griswold,Cowderay,gcowderayp9@virginia.edu,Male,39.83.211.41
911,Abe,Veighey,aveigheypa@time.com,Male,143.219.85.60
912,Aliza,McCaskell,amccaskellpb@toplist.cz,Female,225.183.78.169
913,Mendel,Mallinder,mmallinderpc@addthis.com,Male,88.77.192.143
914,Guglielma,Woodford,gwoodfordpd@webs.com,Female,184.206.234.239
915,Derby,Druett,ddruettpe@sogou.com,Male,210.137.204.113
916,Bryan,Sabberton,bsabbertonpf@google.ru,Male,153.2.234.118
917,Giff,Sterte,gstertepg@discovery.com,Male,93.67.247.84
918,Remus,Stirrip,rstirripph@amazon.co.uk,Male,31.205.56.191
919,Jaine,Poppleston,jpopplestonpi@vinaora.com,Female,211.211.254.180
920,Rogerio,Roycraft,rroycraftpj@ox.ac.uk,Male,135.40.7.41
921,Kimmie,Duguid,kduguidpk@prlog.org,Female,154.122.52.41
922,Genni,Merriton,gmerritonpl@prweb.com,Female,82.81.201.207
923,Rickie,Popworth,rpopworthpm@addthis.com,Female,23.177.6.146
924,Ralina,Bowne,rbownepn@prlog.org,Female,189.166.180.99
925,Cherye,Thiese,cthiesepo@booking.com,Female,5.132.141.176
926,Almeda,Jurca,ajurcapp@reddit.com,Female,58.141.241.34
927,Vere,Casbon,vcasbonpq@washington.edu,Female,15.226.223.209
928,Shannon,Barby,sbarbypr@shutterfly.com,Female,109.34.166.73
929,Briano,Aspenlon,baspenlonps@omniture.com,Male,42.198.95.32
930,Maribeth,Matthieson,mmatthiesonpt@sbwire.com,Female,157.235.11.98
931,Chadwick,Wilcox,cwilcoxpu@freewebs.com,Male,9.100.181.122
932,Annora,Alyukin,aalyukinpv@cmu.edu,Female,126.20.241.165
933,Sidney,Chifney,schifneypw@smugmug.com,Male,91.143.14.123
934,Belvia,Camock,bcamockpx@businesswire.com,Female,12.9.41.211
935,Lyle,Stearley,lstearleypy@goo.ne.jp,Male,224.163.63.248
936,Shelton,Fitzsimon,sfitzsimonpz@netvibes.com,Male,100.243.253.191
937,Delmor,Neissen,dneissenq0@msn.com,Male,251.103.2.2
938,Marlyn,Deme,mdemeq1@cbsnews.com,Female,48.90.119.170
939,Roosevelt,Bolding,rboldingq2@google.de,Male,80.182.187.156
940,Elena,Cowan,ecowanq3@360.cn,Female,215.255.80.1
941,Simonette,Durnall,sdurnallq4@skyrock.com,Female,35.100.5.245
942,Jude,Ricker,jrickerq5@walmart.com,Male,195.37.144.27
943,Maryjo,Van den Oord,mvandenoordq6@icq.com,Female,224.96.190.80
944,Karie,Rosie,krosieq7@digg.com,Female,75.47.23.167
945,Adams,Grabert,agrabertq8@tamu.edu,Male,159.248.184.219
946,Jacintha,Uphill,juphillq9@indiegogo.com,Female,184.81.214.225
947,Carol-jean,Jude,cjudeqa@sourceforge.net,Female,180.75.196.79
948,Vania,Stable,vstableqb@admin.ch,Female,118.19.178.244
949,Bealle,Spataro,bspataroqc@yandex.ru,Male,227.128.27.212
950,Osborn,Dearth,odearthqd@arizona.edu,Male,131.52.239.112
951,Skippie,Aylett,saylettqe@e-recht24.de,Male,85.168.20.192
952,Thekla,Caulwell,tcaulwellqf@cdc.gov,Female,218.68.44.198
953,Alisha,Donwell,adonwellqg@nyu.edu,Female,172.55.1.120
954,Darby,Dewhurst,ddewhurstqh@topsy.com,Male,140.175.150.206
955,Berri,Bean,bbeanqi@springer.com,Female,114.217.123.204
956,Horten,Schenkel,hschenkelqj@patch.com,Male,63.253.209.117
957,Roderic,Macias,rmaciasqk@umn.edu,Male,194.84.148.111
958,Dennie,Kinnin,dkinninql@foxnews.com,Female,17.66.5.171
959,Karney,Twinning,ktwinningqm@meetup.com,Male,234.74.32.33
960,Ailina,Roantree,aroantreeqn@vinaora.com,Female,73.57.112.144
961,Natty,Layhe,nlayheqo@myspace.com,Male,31.186.182.70
962,Gavan,Jerrams,gjerramsqp@t-online.de,Male,78.203.171.195
963,Renard,Morrice,rmorriceqq@google.fr,Male,67.219.110.55
964,Annabal,Fairebrother,afairebrotherqr@google.com.au,Female,114.161.114.177
965,Prudy,Mingardo,pmingardoqs@vkontakte.ru,Female,79.222.74.19
966,Dayna,Goodson,dgoodsonqt@apache.org,Female,5.60.91.225
967,Brien,Ketteringham,bketteringhamqu@aol.com,Male,106.162.253.243
968,Liane,Woolmer,lwoolmerqv@upenn.edu,Female,202.74.245.110
969,Fitz,Menci,fmenciqw@g.co,Male,55.246.234.253
970,Ali,Jolly,ajollyqx@trellian.com,Male,55.175.122.40
971,Raul,Withey,rwitheyqy@mlb.com,Male,86.31.247.147
972,Cesare,Abramovici,cabramoviciqz@wired.com,Male,4.149.253.214
973,Gard,Larter,glarterr0@newsvine.com,Male,45.24.248.250
974,Alisha,Blight,ablightr1@sohu.com,Female,31.183.239.126
975,Georgiana,Thomsen,gthomsenr2@bbb.org,Female,123.224.68.57
976,Neely,Constantine,nconstantiner3@reuters.com,Female,100.235.94.78
977,Bev,Blaxton,bblaxtonr4@businessinsider.com,Female,157.21.179.135
978,Nathanil,Sinott,nsinottr5@craigslist.org,Male,224.236.149.183
979,Arte,Borland,aborlandr6@nifty.com,Male,162.4.85.244
980,Anselm,Glaves,aglavesr7@home.pl,Male,121.116.153.64
981,Vilhelmina,Cuesta,vcuestar8@moonfruit.com,Female,139.160.27.127
982,Kalila,Conew,kconewr9@cpanel.net,Female,74.211.62.62
983,Byron,Kwietak,bkwietakra@pcworld.com,Male,235.221.206.17
984,Iormina,Masi,imasirb@merriam-webster.com,Female,165.11.33.244
985,Cherri,Lobley,clobleyrc@eventbrite.com,Female,186.64.141.143
986,Gerick,Wyllcock,gwyllcockrd@google.es,Male,155.182.254.22
987,Sharlene,Geffe,sgeffere@sina.com.cn,Female,8.201.14.101
988,Clara,Rist,cristrf@odnoklassniki.ru,Female,176.186.196.25
989,Laverna,Tilzey,ltilzeyrg@timesonline.co.uk,Female,224.74.162.122
990,Ladonna,Kalinsky,lkalinskyrh@examiner.com,Female,31.168.21.196
991,Jonie,Roe,jroeri@cam.ac.uk,Female,53.6.24.14
992,Archer,Oliphant,aoliphantrj@soup.io,Male,30.208.193.62
993,Bert,Marusic,bmarusicrk@gov.uk,Male,86.68.24.181
994,Minne,Beaton,mbeatonrl@weibo.com,Female,125.88.134.15
995,Rourke,Lowndes,rlowndesrm@usgs.gov,Male,86.16.130.173
996,Derward,Cull,dcullrn@mozilla.org,Male,116.81.55.236
997,Osborne,Britcher,obritcherro@timesonline.co.uk,Male,163.99.77.11
998,Glenden,Leif,gleifrp@jigsy.com,Male,96.157.52.53
999,Mariana,Simla,msimlarq@cyberchimps.com,Female,201.7.15.211
1000,Gian,Mereweather,gmereweatherrr@mtv.com,Male,4.152.61.226
